{"cameraMode":{"drawMode":0,"name":"Shaded","section":"Shading Mode"},"sceneLighting":false,"audioPlay":false,"sceneViewState":{"m_AlwaysRefresh":false,"showFog":true,"showSkybox":false,"showFlares":true,"showImageEffects":true,"showParticleSystems":true,"showVisualEffectGraphs":true,"m_FxEnabled":false},"in2DMode":false,"pivot":{"x":0.0000011920928955078126,"y":-5.960464477539063e-8,"z":-1.1920928955078126e-7},"rotation":{"x":0.235348179936409,"y":-0.5480250716209412,"z":0.16412581503391267,"w":0.7857669591903687},"size":2.173534393310547,"orthographic":true}